Entity,Code,Year,14.1.1 - Beach litter per square kilometer (Number) - EN_MAR_BEALITSQ
Africa (UN),UN_AFR,2015,3823505.8
Africa (UN),UN_AFR,2016,5685998
Africa (UN),UN_AFR,2017,2529506.8
Africa (UN),UN_AFR,2018,29924936
Africa (UN),UN_AFR,2019,4628005
Africa (UN),UN_AFR,2020,960833
Aland Islands,ALA,2022,2485491
Algeria,DZA,2015,34285716
Algeria,DZA,2016,39450548
Algeria,DZA,2018,2485.46
American Samoa,ASM,2021,724099.7
Angola,AGO,2022,74564.73
Antigua and Barbuda,ATG,2021,52319.89
Antigua and Barbuda,ATG,2022,62224.14
Argentina,ARG,2015,5832512.5
Argentina,ARG,2016,490426.7
Argentina,ARG,2017,3788198.8
Argentina,ARG,2018,6801203
Argentina,ARG,2021,158951.86
Argentina,ARG,2022,5707.65
Aruba,ABW,2021,165465.03
Asia (UN),UN_ASI,2015,619764.56
Asia (UN),UN_ASI,2016,402913.5
Asia (UN),UN_ASI,2017,1470050.8
Asia (UN),UN_ASI,2018,873112.6
Asia (UN),UN_ASI,2019,891973.3
Asia (UN),UN_ASI,2020,51753
Asia (UN),UN_ASI,2021,229004
Asia (UN),UN_ASI,2022,271512
Australia,AUS,2015,1514.06
Australia,AUS,2016,7202.05
Australia,AUS,2017,210440.4
Australia,AUS,2018,140982.08
Australia,AUS,2021,129931.54
Australia,AUS,2022,150187.52
Australia and New Zealand (UN SDG),UNSDG_ANZ,2015,1514.06
Australia and New Zealand (UN SDG),UNSDG_ANZ,2016,7797.52
Australia and New Zealand (UN SDG),UNSDG_ANZ,2017,208543.2
Australia and New Zealand (UN SDG),UNSDG_ANZ,2018,152920.34
Australia and New Zealand (UN SDG),UNSDG_ANZ,2019,107754.94
Australia and New Zealand (UN SDG),UNSDG_ANZ,2020,219725.94
Australia and New Zealand (UN SDG),UNSDG_ANZ,2021,50181
Australia and New Zealand (UN SDG),UNSDG_ANZ,2022,146812
Austria,AUT,2017,148482.89
Azerbaijan,AZE,2016,59891.15
Azerbaijan,AZE,2018,249168.92
Azerbaijan,AZE,2021,76398.29
Bahamas,BHS,2016,101986.51
Bahamas,BHS,2017,418691.06
Bahamas,BHS,2018,498357.38
Bahamas,BHS,2021,48104.54
Bahamas,BHS,2022,150771.17
Bangladesh,BGD,2016,146784460
Bangladesh,BGD,2017,5784745.5
Bangladesh,BGD,2018,4008335.5
Bangladesh,BGD,2021,151389
Bangladesh,BGD,2022,1475831.5
Barbados,BRB,2016,1150074.9
Barbados,BRB,2017,2376584.5
Barbados,BRB,2018,2485.46
Barbados,BRB,2022,130882.21
Belgium,BEL,2015,15202899
Belgium,BEL,2016,270451.2
Belgium,BEL,2017,227315.78
Belgium,BEL,2018,19152.15
Belgium,BEL,2019,664536.06
Belgium,BEL,2021,69243
Belize,BLZ,2016,1602168.9
Belize,BLZ,2017,988723.2
Belize,BLZ,2018,1180477.5
Belize,BLZ,2021,201125.2
Belize,BLZ,2022,233387.86
Bermuda,BMU,2016,484916.25
Bermuda,BMU,2017,1806490.1
Bermuda,BMU,2018,897788.1
Bermuda,BMU,2021,555036.4
Bermuda,BMU,2022,180301.23
Bhutan,BTN,2022,6213.73
Bonaire Sint Eustatius and Saba,BES,2017,152057.64
Bonaire Sint Eustatius and Saba,BES,2018,2743364.2
Bonaire Sint Eustatius and Saba,BES,2021,360000000
Bonaire Sint Eustatius and Saba,BES,2022,37487.54
Bosnia and Herzegovina,BIH,2016,1428110.9
Brazil,BRA,2015,5410680
Brazil,BRA,2016,1563746.4
Brazil,BRA,2017,1792396.9
Brazil,BRA,2018,507292
Brazil,BRA,2019,4741.2
Brazil,BRA,2021,190846.28
Brazil,BRA,2022,456643.75
British Virgin Islands,VGB,2016,2476880.5
British Virgin Islands,VGB,2017,2499565
British Virgin Islands,VGB,2021,77342.24
British Virgin Islands,VGB,2022,287990.34
Brunei,BRN,2016,796451.56
Brunei,BRN,2017,204453.9
Brunei,BRN,2022,16.08
Brunei,BRN,2023,50.97
Bulgaria,BGR,2015,2178.33
Bulgaria,BGR,2016,1809
Bulgaria,BGR,2017,8674.33
Bulgaria,BGR,2018,2997
Bulgaria,BGR,2019,2561.7
Bulgaria,BGR,2020,2762.22
Bulgaria,BGR,2021,1049.9
Bulgaria,BGR,2022,782.5
Cambodia,KHM,2016,2909923
Cambodia,KHM,2017,6435405
Cambodia,KHM,2018,5243327.5
Cambodia,KHM,2021,311784.8
Cameroon,CMR,2018,84679624
Cameroon,CMR,2021,61982.32
Cameroon,CMR,2022,42967.34
Canada,CAN,2015,1524.87
Canada,CAN,2016,194241.2
Canada,CAN,2017,333326.78
Canada,CAN,2018,328376.2
Canada,CAN,2021,355421.62
Canada,CAN,2022,163600.3
Cape Verde,CPV,2018,164925.78
Cape Verde,CPV,2021,7981.27
Cayman Islands,CYM,2016,3348054.8
Cayman Islands,CYM,2017,1209102.4
Cayman Islands,CYM,2018,231897.78
Cayman Islands,CYM,2021,463322.8
Cayman Islands,CYM,2022,1357706.2
Central and Southern Asia (UN SDG),UNSDG_CSA,2015,11448.52
Central and Southern Asia (UN SDG),UNSDG_CSA,2016,1271338.9
Central and Southern Asia (UN SDG),UNSDG_CSA,2017,1340240.9
Central and Southern Asia (UN SDG),UNSDG_CSA,2018,521671.28
Central and Southern Asia (UN SDG),UNSDG_CSA,2019,711109.9
Central and Southern Asia (UN SDG),UNSDG_CSA,2020,625650.8
Central and Southern Asia (UN SDG),UNSDG_CSA,2021,556506
Central and Southern Asia (UN SDG),UNSDG_CSA,2022,264575
Chile,CHL,2015,791304.4
Chile,CHL,2016,703401
Chile,CHL,2017,1295306.1
Chile,CHL,2018,3741894.8
Chile,CHL,2021,171061.97
Chile,CHL,2022,159731.6
China,CHN,2015,14219138
China,CHN,2016,114915.7
China,CHN,2017,278760.25
China,CHN,2018,134588.02
China,CHN,2021,2670201
China,CHN,2022,1008600.3
Christmas Island,CXR,2021,349819
Colombia,COL,2016,46909860
Colombia,COL,2017,4037824
Colombia,COL,2018,426618.7
Colombia,COL,2021,178341.52
Colombia,COL,2022,564627.94
Costa Rica,CRI,2015,13522727
Costa Rica,CRI,2016,2798832.2
Costa Rica,CRI,2017,2260979.5
Costa Rica,CRI,2018,1672655.9
Costa Rica,CRI,2021,209337.95
Costa Rica,CRI,2022,864375.7
Cote d'Ivoire,CIV,2018,10022.05
Cuba,CUB,2016,631355.9
Cuba,CUB,2017,6047124.5
Cuba,CUB,2021,6007.96
Curacao,CUW,2018,1930485.9
Curacao,CUW,2021,49433
Curacao,CUW,2022,1510439.5
Cyprus,CYP,2015,380499.53
Cyprus,CYP,2016,1230419.6
Cyprus,CYP,2017,4879745
Cyprus,CYP,2018,4901154
Cyprus,CYP,2020,18794702
Cyprus,CYP,2021,69785.47
Cyprus,CYP,2022,105348410
Czechia,CZE,2017,137315.48
Czechia,CZE,2018,10974.3
Czechia,CZE,2021,79825.2
Denmark,DNK,2015,128985.92
Denmark,DNK,2016,196138.7
Denmark,DNK,2017,63904.51
Denmark,DNK,2018,208070.6
Denmark,DNK,2019,249039.03
Denmark,DNK,2020,197792
Denmark,DNK,2021,230777.27
Denmark,DNK,2022,45925.55
Dominican Republic,DOM,2015,92394.76
Dominican Republic,DOM,2016,3779882.8
Dominican Republic,DOM,2017,5244172.5
Dominican Republic,DOM,2018,4872619.5
Dominican Republic,DOM,2021,270494.34
Dominican Republic,DOM,2022,100638.05
East Timor,TLS,2016,172592.34
Eastern and South-Eastern Asia (UN SDG),UNSDG_ESEA,2015,6619827.5
Eastern and South-Eastern Asia (UN SDG),UNSDG_ESEA,2016,1707802.9
Eastern and South-Eastern Asia (UN SDG),UNSDG_ESEA,2017,2890336.8
Eastern and South-Eastern Asia (UN SDG),UNSDG_ESEA,2018,1328323.2
Eastern and South-Eastern Asia (UN SDG),UNSDG_ESEA,2019,1639932.1
Eastern and South-Eastern Asia (UN SDG),UNSDG_ESEA,2020,828553.56
Eastern and South-Eastern Asia (UN SDG),UNSDG_ESEA,2021,231509
Eastern and South-Eastern Asia (UN SDG),UNSDG_ESEA,2022,267108
Ecuador,ECU,2016,891574.3
Ecuador,ECU,2017,904247.6
Ecuador,ECU,2018,740643.94
Ecuador,ECU,2021,222915.88
Ecuador,ECU,2022,88796.76
Egypt,EGY,2016,99218.78
Egypt,EGY,2018,2485.46
Egypt,EGY,2021,92972.33
Egypt,EGY,2022,25000000
El Salvador,SLV,2018,13670.03
El Salvador,SLV,2021,455191.66
Estonia,EST,2015,26
Estonia,EST,2016,38.5
Estonia,EST,2017,27.8
Estonia,EST,2018,22.3
Estonia,EST,2019,20.2
Estonia,EST,2020,14.3
Estonia,EST,2021,19.3
Estonia,EST,2022,20.7
Ethiopia,ETH,2018,2485.46
Europe (UN),UN_EUR,2015,838301.06
Europe (UN),UN_EUR,2016,854513.9
Europe (UN),UN_EUR,2017,111203.56
Europe (UN),UN_EUR,2018,338412.47
Europe (UN),UN_EUR,2019,719364.6
Europe (UN),UN_EUR,2020,37032.31
Europe (UN),UN_EUR,2021,237186
Europe (UN),UN_EUR,2022,180321
Europe and Northern America (UN SDG),UNSDG_ENA,2015,846007.94
Europe and Northern America (UN SDG),UNSDG_ENA,2016,1057881.9
Europe and Northern America (UN SDG),UNSDG_ENA,2017,333647.1
Europe and Northern America (UN SDG),UNSDG_ENA,2018,473639.56
Europe and Northern America (UN SDG),UNSDG_ENA,2019,878663.7
Europe and Northern America (UN SDG),UNSDG_ENA,2020,91210.05
Europe and Northern America (UN SDG),UNSDG_ENA,2021,4446924
Europe and Northern America (UN SDG),UNSDG_ENA,2022,212709
Fiji,FJI,2017,134314.31
Fiji,FJI,2018,815794.75
Finland,FIN,2017,21726.14
Finland,FIN,2018,165213.4
Finland,FIN,2021,69823.76
Finland,FIN,2022,89122.87
France,FRA,2015,6693828.5
France,FRA,2016,4550832.5
France,FRA,2017,190684.02
France,FRA,2018,1066566.2
France,FRA,2019,1329666
France,FRA,2020,604617.3
France,FRA,2021,758855.56
France,FRA,2022,198354
French Polynesia,PYF,2015,1117647
Gambia,GMB,2022,11059686
Georgia,GEO,2019,986890
Georgia,GEO,2020,10828452
Georgia,GEO,2022,56358.8
Germany,DEU,2015,101061.41
Germany,DEU,2016,2106574
Germany,DEU,2017,43348.03
Germany,DEU,2018,386138.56
Germany,DEU,2019,16955.9
Germany,DEU,2021,142908.92
Germany,DEU,2022,80124.93
Ghana,GHA,2016,33579284
Ghana,GHA,2017,56875108
Ghana,GHA,2019,179760100
Ghana,GHA,2020,152134670
Greece,GRC,2015,2866050.8
Greece,GRC,2016,1806335
Greece,GRC,2017,1039324.5
Greece,GRC,2018,1432935
Greece,GRC,2019,15157.55
Greece,GRC,2020,72013.74
Greece,GRC,2021,293333.75
Greece,GRC,2022,143585.86
Grenada,GRD,2016,400159.06
Grenada,GRD,2017,592911
Grenada,GRD,2018,3625093.2
Guam,GUM,2015,295858
Guam,GUM,2016,1880770.9
Guam,GUM,2017,1297635.1
Guam,GUM,2018,72531.94
Guam,GUM,2021,580342.5
Guam,GUM,2022,267781
Guatemala,GTM,2016,4017752.8
Guatemala,GTM,2017,10803670
Guatemala,GTM,2018,250689.22
Guatemala,GTM,2021,169803.38
Guatemala,GTM,2022,1000000
Guernsey,GGY,2016,539842.56
Guernsey,GGY,2017,2382397.8
Guernsey,GGY,2018,2032941.1
Guernsey,GGY,2021,147105.55
Guernsey,GGY,2022,234647.14
Guyana,GUY,2016,2985315.8
Guyana,GUY,2017,1557775
Guyana,GUY,2018,4524475
Guyana,GUY,2021,174100.75
Honduras,HND,2022,722831.2
Hong Kong,HKG,2021,226728.27
Hong Kong,HKG,2022,341723.25
Hungary,HUN,2021,15392.71
Iceland,ISL,2018,475911.3
Iceland,ISL,2021,364162.8
Iceland,ISL,2022,342062.56
India,IND,2016,883221.8
India,IND,2017,916968.6
India,IND,2018,172808.78
India,IND,2021,1110015.5
India,IND,2022,183680.5
Indonesia,IDN,2016,2090664.2
Indonesia,IDN,2017,1539910.8
Indonesia,IDN,2018,508550.9
Indonesia,IDN,2021,757198.3
Indonesia,IDN,2022,32501.2
Iran,IRN,2021,897538.4
Ireland,IRL,2015,16667.27
Ireland,IRL,2016,123358.94
Ireland,IRL,2017,293876.97
Ireland,IRL,2018,23511.99
Ireland,IRL,2019,440.02
Ireland,IRL,2021,307597.03
Ireland,IRL,2022,256994.4
Isle of Man,IMN,2016,6200248.5
Israel,ISR,2015,221205.19
Israel,ISR,2018,4473264
Israel,ISR,2021,330906.88
Israel,ISR,2022,761092.75
Italy,ITA,2015,511
Italy,ITA,2016,494
Italy,ITA,2017,474
Italy,ITA,2018,462
Italy,ITA,2019,413
Italy,ITA,2020,311
Italy,ITA,2021,273
Italy,ITA,2022,303
Jamaica,JAM,2016,4508765
Jamaica,JAM,2017,4294002
Jamaica,JAM,2018,2404118.2
Jamaica,JAM,2021,84736.51
Jamaica,JAM,2022,226938.05
Japan,JPN,2015,619750.5
Japan,JPN,2016,1959468.8
Japan,JPN,2017,1781297.4
Japan,JPN,2018,468998.25
Japan,JPN,2021,212372.28
Japan,JPN,2022,170672.97
Jersey,JEY,2018,140588.23
Jordan,JOR,2021,52513.95
Kazakhstan,KAZ,2015,11448.52
Kazakhstan,KAZ,2021,257931.77
Kazakhstan,KAZ,2022,316398.44
Kenya,KEN,2019,39684
Kenya,KEN,2020,1226062.8
Kenya,KEN,2021,2626255.2
Kenya,KEN,2022,6934347.5
Kenya,KEN,2023,5941137
Kiribati,KIR,2016,2485.46
Kuwait,KWT,2016,1002.2
Kuwait,KWT,2017,27233.12
Kuwait,KWT,2018,44436.61
Kuwait,KWT,2022,10612.35
Latin America and the Caribbean (UN SDG),UNSDG_LAC,2015,311140.28
Latin America and the Caribbean (UN SDG),UNSDG_LAC,2016,1953407.4
Latin America and the Caribbean (UN SDG),UNSDG_LAC,2017,1374410.4
Latin America and the Caribbean (UN SDG),UNSDG_LAC,2018,1262079.1
Latin America and the Caribbean (UN SDG),UNSDG_LAC,2019,867041.75
Latin America and the Caribbean (UN SDG),UNSDG_LAC,2020,46418.38
Latin America and the Caribbean (UN SDG),UNSDG_LAC,2021,174697
Latin America and the Caribbean (UN SDG),UNSDG_LAC,2022,244898
Least Developed Countries (LDCs),,2015,3548172.8
Least Developed Countries (LDCs),,2016,3439821
Least Developed Countries (LDCs),,2017,1756258.8
Least Developed Countries (LDCs),,2018,1665376.1
Least Developed Countries (LDCs),,2019,1782936.4
Least Developed Countries (LDCs),,2020,986701.25
Lebanon,LBN,2019,2374285.8
Lithuania,LTU,2017,99
Lithuania,LTU,2018,111
Lithuania,LTU,2019,84
Lithuania,LTU,2020,102
Lithuania,LTU,2021,84
Lithuania,LTU,2022,77
Luxembourg,LUX,2019,476000
Madagascar,MDG,2015,5741935.5
Malawi,MWI,2016,334.07
Malawi,MWI,2017,31323912
Malawi,MWI,2018,23313062
Malaysia,MYS,2016,488504.03
Malaysia,MYS,2017,475827.7
Malaysia,MYS,2018,285621.22
Malaysia,MYS,2021,348330.25
Malaysia,MYS,2022,273440.16
Maldives,MDV,2016,3270.32
Maldives,MDV,2017,735635.44
Maldives,MDV,2018,1263127.4
Maldives,MDV,2021,39355.39
Maldives,MDV,2022,7411.63
Malta,MLT,2015,1205128.2
Malta,MLT,2018,5260.83
Malta,MLT,2021,1764066.6
Malta,MLT,2022,89477.67
Marshall Islands,MHL,2016,13321307
Marshall Islands,MHL,2017,1396071.4
Marshall Islands,MHL,2022,164159.14
Mauritius,MUS,2015,1696629.2
Mauritius,MUS,2016,1476694
Mauritius,MUS,2017,2440870
Mauritius,MUS,2018,1337025.8
Mauritius,MUS,2021,716594.7
Mauritius,MUS,2022,229476.58
Mexico,MEX,2015,195336.34
Mexico,MEX,2016,4007696
Mexico,MEX,2017,783884.75
Mexico,MEX,2018,1057973.5
Mexico,MEX,2021,200611.7
Mexico,MEX,2022,262942.9
Micronesia (country),FSM,2017,847000
Micronesia (country),FSM,2022,37199.59
Montenegro,MNE,2019,1314960.6
Morocco,MAR,2015,13884817
Morocco,MAR,2016,603883.5
Morocco,MAR,2017,58922.79
Morocco,MAR,2018,724927.5
Morocco,MAR,2019,600489.8
Mozambique,MOZ,2016,2018794.6
Mozambique,MOZ,2017,637233.56
Mozambique,MOZ,2018,611044.56
Mozambique,MOZ,2021,230667.64
Mozambique,MOZ,2022,984352.9
Myanmar,MMR,2016,638002.75
Namibia,NAM,2016,186410.84
Namibia,NAM,2021,242583.77
Nepal,NPL,2021,103000000
Netherlands,NLD,2015,3870848.8
Netherlands,NLD,2016,45603.44
Netherlands,NLD,2017,52216.88
Netherlands,NLD,2018,103847.15
Netherlands,NLD,2019,7550.32
Netherlands,NLD,2021,39336.63
Netherlands,NLD,2022,47956.89
New Caledonia,NCL,2015,2433701.8
New Zealand,NZL,2016,281448.8
New Zealand,NZL,2017,24072.95
New Zealand,NZL,2018,281211.44
New Zealand,NZL,2021,4841.45
New Zealand,NZL,2022,69580.75
Nicaragua,NIC,2016,3262957.5
Nicaragua,NIC,2017,1896642.1
Nicaragua,NIC,2018,621667.5
Nicaragua,NIC,2021,609011.6
Nicaragua,NIC,2022,397803.56
Niger,NER,2021,6213.73
Nigeria,NGA,2017,1981343
Nigeria,NGA,2018,8166746
Nigeria,NGA,2021,49500.96
Nigeria,NGA,2022,120890.81
Northern Africa (UN),,2015,20468086
Northern Africa (UN),,2016,1575574.9
Northern Africa (UN),,2017,58922.79
Northern Africa (UN),,2018,461262.16
Northern Africa (UN),,2019,1151941.6
Northern Africa (UN),,2020,747186.44
Northern Africa and Western Asia (UN SDG),UNSDG_NAWA,2015,20823556
Northern Africa and Western Asia (UN SDG),UNSDG_NAWA,2016,2972962.2
Northern Africa and Western Asia (UN SDG),UNSDG_NAWA,2017,8683276
Northern Africa and Western Asia (UN SDG),UNSDG_NAWA,2018,1134952.1
Northern Africa and Western Asia (UN SDG),UNSDG_NAWA,2019,1842096.4
Northern Africa and Western Asia (UN SDG),UNSDG_NAWA,2020,1293205.5
Northern America (UN),UN_NAM,2015,7706.85
Northern America (UN),UN_NAM,2016,203367.98
Northern America (UN),UN_NAM,2017,222443.52
Northern America (UN),UN_NAM,2018,135227.1
Northern America (UN),UN_NAM,2019,159299.1
Northern America (UN),UN_NAM,2020,54177.74
Northern America (UN),UN_NAM,2021,4687987
Northern America (UN),UN_NAM,2022,216832
Northern Mariana Islands,MNP,2015,87696.83
Northern Mariana Islands,MNP,2016,234068.4
Northern Mariana Islands,MNP,2017,161545.3
Northern Mariana Islands,MNP,2018,174239.88
Northern Mariana Islands,MNP,2021,96301.31
Northern Mariana Islands,MNP,2022,159882.84
Norway,NOR,2015,3937
Norway,NOR,2016,2484
Norway,NOR,2017,2345
Norway,NOR,2018,2964
Norway,NOR,2019,2730
Norway,NOR,2020,1358
Norway,NOR,2021,1771
Norway,NOR,2022,1784
Oceania (UN SDG),UNSDG_OC,2015,788211.3
Oceania (UN SDG),UNSDG_OC,2016,754423.44
Oceania (UN SDG),UNSDG_OC,2017,780035.3
Oceania (UN SDG),UNSDG_OC,2018,380846.34
Oceania (UN SDG),UNSDG_OC,2019,303124.25
Oceania (UN SDG),UNSDG_OC,2020,364202.56
Oceania (UN SDG),UNSDG_OC,2021,155497
Oceania (UN SDG),UNSDG_OC,2022,191236
Oman,OMN,2018,2457134.5
Oman,OMN,2022,335134.66
Pakistan,PAK,2017,5538922
Pakistan,PAK,2021,32311.38
Palau,PLW,2016,428991.4
Palau,PLW,2017,509131.53
Panama,PAN,2016,1446131.9
Panama,PAN,2017,636942.8
Panama,PAN,2018,5295090.5
Panama,PAN,2021,287843.78
Panama,PAN,2022,185806.11
Paraguay,PRY,2016,1062838.2
Peru,PER,2016,4051824
Peru,PER,2017,15390297
Peru,PER,2018,4107200.8
Peru,PER,2022,1140
Philippines,PHL,2016,1023701.7
Philippines,PHL,2017,3174985.2
Philippines,PHL,2018,4227160.5
Philippines,PHL,2021,142265.88
Philippines,PHL,2022,334874.53
Poland,POL,2016,24966
Poland,POL,2017,12928
Poland,POL,2018,25588
Poland,POL,2019,19612
Poland,POL,2020,15108
Poland,POL,2021,9149
Poland,POL,2022,6779
Portugal,PRT,2015,3096129.8
Portugal,PRT,2016,1237299.8
Portugal,PRT,2017,257362.42
Portugal,PRT,2018,1537330.4
Portugal,PRT,2019,160505.7
Portugal,PRT,2020,10294.42
Portugal,PRT,2021,367116.1
Portugal,PRT,2022,248759.39
Puerto Rico,PRI,2016,1129752.5
Puerto Rico,PRI,2017,965146.9
Puerto Rico,PRI,2018,684838.06
Puerto Rico,PRI,2021,117663.94
Puerto Rico,PRI,2022,188936.45
Qatar,QAT,2016,623371.44
Qatar,QAT,2017,766972.25
Qatar,QAT,2018,464190.97
Reunion,REU,2015,2083333.4
Romania,ROU,2015,146057.27
Romania,ROU,2016,2776233.2
Romania,ROU,2017,13410072
Romania,ROU,2018,719424.7
Romania,ROU,2021,450104.88
Russia,RUS,2016,555747.3
Russia,RUS,2017,2801281
Russia,RUS,2018,374225.9
Russia,RUS,2019,42529.72
Russia,RUS,2020,681338
Russia,RUS,2021,114508.46
Russia,RUS,2022,280538
Saint Barthlemy,,2017,805407.75
Saint Helena,SHN,2018,8249464
Saint Kitts and Nevis,KNA,2016,991240.25
Saint Kitts and Nevis,KNA,2017,601483.8
Saint Kitts and Nevis,KNA,2018,1538667.1
Saint Kitts and Nevis,KNA,2021,122792.97
Saint Kitts and Nevis,KNA,2022,287394.75
Saint Lucia,LCA,2017,1163493
Saint Lucia,LCA,2018,1982561.2
Saint Lucia,LCA,2021,65590.09
Saint Lucia,LCA,2022,41993.17
Saint Martin (French part),MAF,2016,916832.6
Saint Martin (French part),MAF,2021,20405.17
Saint Martin (French part),MAF,2022,32695.22
Saint Vincent and the Grenadines,VCT,2016,1498550.1
Saint Vincent and the Grenadines,VCT,2017,130705.81
Saint Vincent and the Grenadines,VCT,2018,4061116.5
Saint Vincent and the Grenadines,VCT,2022,3266830.5
Samoa,WSM,2016,2089778.1
Samoa,WSM,2018,2434888.2
Samoa,WSM,2021,908.33
Samoa,WSM,2022,2051747.4
Sao Tome and Principe,STP,2016,53106.75
Saudi Arabia,SAU,2015,9360000
Saudi Arabia,SAU,2019,271078.6
Senegal,SEN,2017,100.06
Senegal,SEN,2018,230850.75
Senegal,SEN,2021,424108.16
Senegal,SEN,2022,1795076.8
Serbia,SRB,2016,481880
Serbia,SRB,2021,481880
Seychelles,SYC,2017,86703384
Seychelles,SYC,2018,35039.54
Seychelles,SYC,2021,177491.78
Seychelles,SYC,2022,160952.22
Sierra Leone,SLE,2021,283430
Sierra Leone,SLE,2022,150965
Singapore,SGP,2016,7581520.5
Singapore,SGP,2017,3229485.2
Singapore,SGP,2018,5545935
Singapore,SGP,2021,329370.9
Singapore,SGP,2022,261485.52
Sint Maarten (Dutch part),SXM,2018,544322.5
Sint Maarten (Dutch part),SXM,2021,192335.7
Sint Maarten (Dutch part),SXM,2022,470635.28
Slovenia,SVN,2016,1833145.8
Slovenia,SVN,2017,1491842.2
Slovenia,SVN,2018,3883.5
Slovenia,SVN,2021,336787.4
Small Island Developing States (SIDS),,2015,92979.15
Small Island Developing States (SIDS),,2016,1850783
Small Island Developing States (SIDS),,2017,1779920
Small Island Developing States (SIDS),,2018,1178677.4
Small Island Developing States (SIDS),,2019,816003.6
Small Island Developing States (SIDS),,2020,38568.88
Small Island Developing States (SIDS),,2021,152075
Small Island Developing States (SIDS),,2022,193454
Solomon Islands,SLB,2022,180025.97
Somalia,SOM,2022,30308.13
South Africa,ZAF,2015,1059365.4
South Africa,ZAF,2016,644018.6
South Africa,ZAF,2017,243075.7
South Africa,ZAF,2018,595449.75
South Africa,ZAF,2019,303.66
South Africa,ZAF,2021,124090.15
South Africa,ZAF,2022,122938.4
South Korea,KOR,2015,2135
South Korea,KOR,2016,2025
South Korea,KOR,2017,1797
South Korea,KOR,2018,5517
South Korea,KOR,2019,5196
South Korea,KOR,2020,5667
South Korea,KOR,2021,15647
South Korea,KOR,2022,23358
Spain,ESP,2015,1531320.5
Spain,ESP,2016,4088206
Spain,ESP,2017,2193543
Spain,ESP,2018,1436452.4
Spain,ESP,2019,1257716.5
Spain,ESP,2020,246331.66
Spain,ESP,2021,467568.2
Spain,ESP,2022,197954.53
Sri Lanka,LKA,2016,3303721.5
Sri Lanka,LKA,2017,3502184
Sri Lanka,LKA,2018,1673197.9
Sri Lanka,LKA,2021,123104.05
Sri Lanka,LKA,2022,266145.28
Sub-Saharan Africa (UN SDG),UNSDG_SSA,2015,1563440.4
Sub-Saharan Africa (UN SDG),UNSDG_SSA,2016,5732703
Sub-Saharan Africa (UN SDG),UNSDG_SSA,2017,2535165.2
Sub-Saharan Africa (UN SDG),UNSDG_SSA,2018,29951356
Sub-Saharan Africa (UN SDG),UNSDG_SSA,2019,4635329.5
Sub-Saharan Africa (UN SDG),UNSDG_SSA,2020,961850.8
Sub-Saharan Africa (UN SDG),UNSDG_SSA,2021,173313
Sub-Saharan Africa (UN SDG),UNSDG_SSA,2022,159792
Suriname,SUR,2017,580801.25
Suriname,SUR,2018,659674.1
Svalbard and Jan Mayen,SJM,2022,10000000
Sweden,SWE,2015,7623.6
Sweden,SWE,2016,22391.08
Sweden,SWE,2017,17226.29
Sweden,SWE,2018,6489.06
Sweden,SWE,2021,515545.34
Sweden,SWE,2022,201842.33
Switzerland,CHE,2015,5934498
Switzerland,CHE,2017,1317599.9
Switzerland,CHE,2018,123206.1
Switzerland,CHE,2021,3852374.8
Switzerland,CHE,2022,58654.3
Tanzania,TZA,2016,41173750
Tanzania,TZA,2017,14546454
Tanzania,TZA,2018,88634.77
Tanzania,TZA,2021,177780.36
Tanzania,TZA,2022,265292.97
Thailand,THA,2016,447945.66
Thailand,THA,2017,519666.47
Thailand,THA,2018,804726.8
Thailand,THA,2021,257803.45
Thailand,THA,2022,287028.22
Tonga,TON,2017,630050.5
Tonga,TON,2021,8000000
Trinidad and Tobago,TTO,2016,1517814.2
Trinidad and Tobago,TTO,2017,2355550
Trinidad and Tobago,TTO,2018,3285571
Trinidad and Tobago,TTO,2021,127336.66
Trinidad and Tobago,TTO,2022,158045.56
Tunisia,TUN,2019,1040778.5
Tunisia,TUN,2021,598796
Turkey,TUR,2016,2511674.5
Turkey,TUR,2017,5753343
Turkey,TUR,2018,451998.62
Turkey,TUR,2019,183296.5
Turkey,TUR,2020,12193.73
Turkey,TUR,2021,17657.37
Turkey,TUR,2022,43014.12
Turks and Caicos Islands,TCA,2021,25000000
Uganda,UGA,2022,148450.83
Ukraine,UKR,2017,11371.68
Ukraine,UKR,2018,1229709.5
Ukraine,UKR,2020,1421200.4
Ukraine,UKR,2021,4000000
United Kingdom,GBR,2015,375
United Kingdom,GBR,2016,345
United Kingdom,GBR,2017,287
United Kingdom,GBR,2018,255
United Kingdom,GBR,2019,248
United Kingdom,GBR,2020,183
United Kingdom,GBR,2021,214
United Kingdom,GBR,2022,165
United States,USA,2015,7717.39
United States,USA,2016,203850.77
United States,USA,2017,214112
United States,USA,2018,119955.63
United States,USA,2019,1510.1
United States,USA,2020,2113.77
United States,USA,2021,5085658
United States,USA,2022,221825.42
United States Virgin Islands,VIR,2015,48352.13
United States Virgin Islands,VIR,2016,1042554.75
United States Virgin Islands,VIR,2017,864228.2
United States Virgin Islands,VIR,2018,453534.47
United States Virgin Islands,VIR,2021,100771.58
United States Virgin Islands,VIR,2022,126498.84
Uruguay,URY,2016,560363.3
Uruguay,URY,2017,483382.38
Uruguay,URY,2018,244068.9
Uruguay,URY,2021,279727
Uruguay,URY,2022,71546.81
Vanuatu,VUT,2016,535071.44
Vanuatu,VUT,2017,684594.06
Vanuatu,VUT,2018,696651.1
Vanuatu,VUT,2021,78610.59
Vanuatu,VUT,2022,1102307.6
Venezuela,VEN,2016,1614655.8
Venezuela,VEN,2017,2192921.2
Venezuela,VEN,2018,2108749.8
Venezuela,VEN,2021,745847
Venezuela,VEN,2022,457625.03
Vietnam,VNM,2016,3446296
Vietnam,VNM,2017,2302819
Vietnam,VNM,2018,3492480
Vietnam,VNM,2021,199092.45
Vietnam,VNM,2022,165575.69
Wallis and Futuna,WLF,2021,1352973
Wallis and Futuna,WLF,2022,1551896.2
World,OWID_WRL,2015,30963632
World,OWID_WRL,2016,15450519
World,OWID_WRL,2017,17937112
World,OWID_WRL,2018,35052868
World,OWID_WRL,2019,10877298
World,OWID_WRL,2020,4211091.5
World,OWID_WRL,2021,3544331
World,OWID_WRL,2022,224679